nv;svm;dt;rf;rl;cm
1;1;1;1;1;1
1;1;1;1;1;1
1;1;1;1;1;1
1;1;1;1;1;1
1;1;1;1;1;1
1;1;1;1;1;1
1;0;0;0;1;0
0;0;1;1;0;0
1;1;1;1;-1;1
1;1;1;1;1;1
-1;0;0;0;0;0
-1;0;0;0;-1;0
0;0;0;0;0;0
1;1;1;1;1;1
1;1;1;1;0;1
0;0;0;0;0;0
0;0;0;0;0;0
0;0;0;0;0;0
0;0;0;0;0;0
0;0;0;0;0;0
1;1;1;1;1;1
0;0;0;0;0;0
-1;-1;0;0;-1;-1
-1;0;-1;0;-1;-1
0;0;0;0;0;0
0;0;0;0;0;0
1;1;1;1;1;1
1;1;1;1;1;1
1;1;1;1;1;1
1;0;0;0;0;0
0;0;0;0;0;0
-1;-1;0;0;-1;-1
1;1;1;1;1;1
-1;-1;-1;-1;-1;-1
-1;-1;-1;-1;-1;-1
-1;-1;-1;-1;-1;-1
-1;-1;-1;-1;-1;-1
-1;-1;-1;-1;-1;-1
-1;-1;-1;-1;-1;-1
-1;-1;-1;-1;-1;-1
-1;-1;-1;-1;-1;-1
-1;-1;-1;-1;-1;-1
-1;-1;0;0;-1;-1
-1;-1;-1;-1;-1;-1
-1;-1;-1;-1;-1;-1
-1;-1;-1;-1;-1;-1
1;0;0;0;0;1
1;-1;-1;0;-1;-1
0;0;0;0;0;0
-1;-1;-1;0;-1;-1
-1;0;0;0;-1;-1
-1;0;0;0;0;0
-1;-1;1;1;-1;-1
-1;-1;-1;-1;-1;-1
-1;-1;-1;-1;-1;-1
-1;-1;0;-1;-1;-1
-1;-1;-1;-1;-1;-1
-1;-1;-1;-1;-1;-1
-1;-1;-1;-1;-1;-1
-1;0;0;0;0;0
-1;-1;-1;-1;-1;-1
-1;-1;-1;-1;-1;-1
-1;-1;-1;-1;-1;-1
1;1;1;1;1;1
1;1;1;1;1;1
1;1;1;1;1;1
1;1;1;1;1;1
-1;-1;-1;-1;-1;-1
0;0;0;0;0;0
0;-1;-1;-1;-1;-1
1;0;0;0;0;0
0;0;-1;0;-1;0
-1;-1;0;-1;-1;-1
-1;-1;-1;-1;-1;-1
1;-1;-1;-1;-1;-1
1;-1;-1;-1;-1;-1
0;0;0;-1;0;0
-1;-1;-1;-1;-1;-1
0;-1;0;0;-1;0
-1;-1;1;-1;-1;-1
1;-1;1;-1;-1;-1
-1;-1;-1;-1;-1;-1
0;0;0;0;-1;0
-1;-1;0;-1;-1;-1
-1;-1;0;-1;-1;-1
0;1;1;1;1;1
1;0;0;0;0;0
1;1;1;1;1;1
-1;-1;1;1;-1;-1
1;1;1;1;1;1
0;0;0;0;0;0
-1;0;0;0;0;0
0;0;0;0;0;0
0;0;0;0;0;0
0;1;0;0;1;0
0;0;0;0;0;0
-1;0;0;0;0;0
-1;-1;0;-1;-1;-1
-1;-1;-1;-1;-1;-1
-1;-1;1;-1;-1;-1
-1;-1;-1;-1;-1;-1
-1;0;0;0;0;-1
-1;-1;-1;-1;-1;-1
-1;-1;-1;-1;-1;-1
-1;-1;-1;-1;-1;-1
-1;-1;-1;1;-1;-1
-1;-1;-1;-1;-1;-1
-1;-1;0;-1;-1;-1
-1;-1;-1;-1;-1;-1
-1;-1;0;-1;-1;-1
-1;-1;0;-1;-1;-1
-1;-1;-1;0;-1;-1
-1;-1;-1;-1;-1;-1
0;-1;-1;-1;-1;-1
-1;-1;-1;-1;-1;-1
-1;-1;-1;-1;-1;-1
-1;-1;-1;-1;-1;-1
-1;0;0;-1;-1;-1
-1;0;0;0;0;0
-1;-1;-1;-1;-1;-1
-1;-1;0;-1;-1;-1
-1;-1;-1;-1;-1;-1
1;1;1;1;1;1
1;1;1;1;1;1
-1;0;0;0;0;0
1;1;1;1;1;1
1;1;1;1;1;1
1;1;1;1;1;1
1;1;1;1;1;1
0;0;0;0;0;0
0;0;0;0;0;0
0;0;0;0;0;0
0;0;0;0;0;0
-1;-1;-1;-1;-1;-1
-1;1;1;1;1;1
-1;-1;-1;-1;-1;-1
-1;0;0;-1;-1;-1
0;0;1;-1;0;0
-1;1;1;-1;-1;-1
-1;0;0;0;-1;-1
-1;0;0;0;-1;-1
-1;0;-1;0;0;0
-1;0;0;0;-1;-1
-1;-1;-1;-1;-1;-1
-1;0;-1;-1;0;0
1;1;1;1;1;1
-1;0;0;0;0;0
1;1;1;1;0;1
1;1;1;1;1;1
-1;0;0;0;0;0
0;0;0;0;0;0
0;0;0;0;0;0
0;0;0;0;0;0
0;0;0;0;0;0
-1;0;-1;0;-1;-1
1;0;0;0;-1;0
-1;-1;-1;-1;-1;-1
-1;-1;-1;-1;-1;-1
-1;-1;0;-1;-1;-1
-1;-1;-1;-1;-1;-1
-1;-1;-1;-1;-1;-1
-1;-1;-1;-1;-1;-1
-1;-1;0;0;-1;-1
-1;-1;-1;-1;-1;-1
-1;-1;-1;-1;-1;-1
0;-1;-1;-1;-1;-1
-1;-1;-1;-1;-1;-1
-1;0;0;0;0;0
-1;-1;-1;-1;-1;-1
-1;-1;-1;-1;-1;-1
-1;-1;-1;-1;-1;-1
-1;0;0;0;0;0
-1;-1;-1;-1;-1;-1
-1;-1;-1;-1;-1;-1
1;1;1;1;1;1
1;0;0;0;0;0
0;0;0;0;0;0
-1;-1;0;0;-1;-1
0;0;0;-1;-1;0
-1;0;-1;-1;-1;-1
1;0;0;0;0;0
-1;-1;-1;-1;-1;-1
-1;0;0;0;-1;0
0;0;0;0;0;0
-1;0;0;0;0;0
-1;-1;-1;-1;-1;-1
-1;-1;-1;-1;-1;-1
-1;0;0;0;-1;0
0;0;-1;-1;0;0
-1;0;1;0;-1;-1
-1;0;0;0;0;0
-1;-1;0;-1;-1;-1
-1;-1;-1;-1;-1;-1
-1;-1;-1;-1;-1;-1
-1;-1;-1;-1;-1;-1
-1;-1;-1;-1;-1;-1
0;0;0;0;0;0
0;0;0;0;0;0
0;0;0;0;0;0
0;0;0;0;0;0
0;0;0;0;0;0
0;0;0;0;0;0
0;0;0;0;0;0
0;0;0;0;0;0
0;0;0;0;0;0
-1;0;0;0;0;0
-1;0;0;0;0;0
0;0;0;0;0;0
-1;0;0;0;0;0
-1;0;-1;-1;0;0
-1;1;-1;-1;-1;-1
-1;-1;-1;-1;-1;-1
-1;-1;-1;-1;-1;-1
-1;-1;-1;-1;-1;-1
-1;-1;1;-1;-1;-1
-1;-1;0;-1;-1;-1
0;-1;0;-1;-1;-1
-1;0;0;0;0;0
0;0;0;0;0;0
-1;-1;-1;-1;-1;-1
0;0;-1;0;0;0
-1;0;0;0;0;-1
-1;-1;-1;-1;-1;-1
-1;-1;-1;-1;-1;-1
-1;-1;-1;-1;-1;-1
-1;-1;-1;-1;-1;-1
-1;-1;-1;-1;-1;-1
-1;-1;-1;-1;-1;-1
-1;-1;-1;-1;-1;-1
-1;-1;-1;-1;-1;-1
-1;-1;-1;-1;-1;-1
-1;-1;-1;-1;-1;-1
-1;-1;-1;-1;-1;-1
-1;-1;-1;-1;-1;-1
-1;-1;-1;-1;-1;-1
-1;-1;-1;-1;-1;-1
-1;-1;-1;-1;-1;-1
-1;-1;-1;-1;-1;-1
-1;-1;-1;-1;-1;-1
-1;-1;-1;-1;-1;-1
-1;-1;-1;-1;-1;-1
-1;-1;-1;-1;-1;-1
-1;-1;0;0;-1;-1
-1;-1;-1;-1;-1;-1
-1;-1;-1;-1;-1;-1
-1;-1;-1;-1;-1;-1
-1;-1;-1;-1;-1;-1
-1;-1;-1;-1;-1;-1
-1;-1;-1;-1;-1;-1
-1;-1;-1;-1;-1;-1
0;0;0;0;0;0
1;-1;0;-1;-1;-1
1;1;1;1;1;1
-1;0;1;1;0;0
0;0;0;0;0;0
1;0;0;0;0;0
1;1;1;1;1;1
1;1;1;1;1;1
0;1;1;1;0;1
0;0;0;0;0;0
0;0;0;0;0;0
-1;0;0;0;0;0
0;0;0;0;0;0
1;1;1;1;1;1
1;1;1;1;1;1
1;1;1;1;0;1
-1;0;0;0;0;0
0;0;0;0;0;0
0;0;0;0;0;0
0;0;0;0;0;0
0;0;0;0;0;0
1;1;1;1;1;1
-1;-1;-1;-1;-1;-1
-1;-1;-1;-1;-1;-1
-1;-1;-1;-1;-1;-1
-1;-1;-1;-1;-1;-1
-1;-1;-1;-1;-1;-1
-1;-1;-1;-1;-1;-1
-1;-1;-1;-1;-1;-1
-1;-1;-1;-1;-1;-1
-1;-1;-1;-1;-1;-1
-1;-1;-1;-1;-1;-1
-1;-1;-1;-1;-1;-1
-1;-1;-1;-1;-1;-1
-1;-1;-1;-1;-1;-1
-1;-1;-1;-1;-1;-1
-1;-1;-1;-1;-1;-1
-1;-1;-1;-1;-1;-1
-1;-1;-1;-1;-1;-1
1;1;1;1;1;1
-1;-1;-1;-1;-1;-1
-1;-1;-1;-1;-1;-1
-1;-1;-1;-1;-1;-1
-1;0;0;0;-1;0
-1;-1;-1;-1;-1;-1
-1;-1;0;-1;-1;-1
-1;-1;-1;-1;-1;-1
-1;-1;0;-1;-1;-1
-1;-1;1;-1;-1;-1
-1;-1;0;0;-1;-1
-1;-1;-1;-1;-1;-1
0;-1;-1;0;-1;-1
-1;-1;1;0;-1;-1
1;1;1;1;1;1
1;1;1;1;1;1
1;1;1;1;1;1
-1;1;1;1;1;1
1;1;1;1;1;1
1;1;1;1;1;1
-1;0;-1;-1;-1;-1
0;-1;0;0;-1;0
0;-1;-1;-1;-1;-1
-1;0;0;0;0;0
-1;-1;-1;0;-1;-1
-1;0;-1;0;0;0
1;0;0;0;0;0
-1;0;0;0;0;0
0;-1;-1;-1;0;-1
-1;-1;-1;-1;-1;-1
-1;-1;-1;-1;-1;-1
-1;0;-1;0;0;0
-1;0;-1;-1;-1;-1
-1;-1;-1;-1;-1;-1
-1;-1;-1;0;-1;-1
-1;-1;-1;-1;-1;-1
-1;-1;1;1;-1;-1
-1;-1;0;-1;-1;-1
1;1;1;1;1;1
0;0;0;0;0;0
1;1;1;1;1;1
0;-1;0;0;-1;-1
-1;-1;-1;-1;-1;-1
0;-1;-1;-1;-1;-1
0;0;1;1;0;0
1;1;1;1;1;1
-1;1;1;1;-1;1
-1;0;1;1;0;0
1;1;1;1;1;1
1;0;0;0;0;0
-1;0;0;0;0;0
0;0;0;0;0;0
1;0;0;0;0;0
1;0;1;0;-1;0
0;0;0;0;0;0
0;0;0;0;0;0
0;0;0;0;0;0
0;0;0;0;0;0
1;0;0;0;0;0
-1;-1;1;-1;-1;-1
-1;-1;-1;-1;-1;-1
-1;-1;-1;0;-1;-1
0;0;0;0;0;0
-1;0;0;0;-1;0
-1;-1;-1;-1;-1;-1
-1;-1;0;1;-1;-1
-1;-1;-1;-1;-1;-1
0;-1;-1;-1;-1;-1
1;0;0;0;0;0
-1;-1;-1;-1;-1;-1
-1;-1;-1;-1;-1;-1
-1;-1;-1;-1;-1;-1
-1;-1;-1;-1;-1;-1
-1;-1;-1;0;-1;-1
-1;-1;-1;-1;-1;-1
-1;-1;-1;-1;-1;-1
0;0;0;-1;-1;-1
-1;-1;-1;-1;-1;-1
1;-1;0;0;-1;-1
0;0;0;0;0;0
-1;0;-1;-1;-1;-1
0;0;-1;-1;-1;0
-1;-1;-1;-1;-1;-1
-1;-1;0;-1;-1;-1
-1;-1;-1;-1;-1;-1
-1;-1;-1;-1;-1;-1
-1;-1;-1;-1;-1;-1
-1;-1;-1;-1;-1;-1
-1;-1;-1;-1;-1;-1
-1;-1;-1;-1;-1;-1
0;-1;1;-1;-1;-1
-1;-1;-1;-1;-1;-1
-1;-1;0;1;-1;-1
0;0;0;-1;0;0
-1;0;0;-1;0;0
1;1;1;1;1;1
1;1;1;1;1;1
0;0;0;0;0;0
0;0;0;0;0;0
0;0;0;0;-1;0
0;0;0;0;0;0
-1;0;0;0;0;0
0;0;0;0;0;0
0;0;0;0;0;0
-1;-1;-1;-1;-1;-1
0;-1;-1;-1;-1;-1
-1;-1;-1;-1;-1;-1
-1;0;0;-1;0;-1
0;-1;1;-1;-1;-1
-1;-1;-1;-1;-1;-1
-1;-1;-1;-1;-1;-1
-1;0;-1;-1;-1;-1
-1;-1;-1;-1;-1;-1
-1;-1;0;-1;-1;-1
-1;-1;-1;-1;-1;-1
-1;0;0;0;0;0
-1;-1;1;-1;-1;-1
-1;1;-1;-1;1;1
-1;0;-1;-1;-1;-1
-1;-1;-1;-1;-1;-1
-1;-1;-1;-1;-1;-1
-1;-1;-1;-1;-1;-1
1;1;1;1;1;1
1;1;1;0;1;1
0;0;0;0;0;0
0;0;0;0;0;0
0;0;0;0;0;0
0;0;0;0;0;0
0;0;0;0;0;0
0;0;0;0;0;0
-1;-1;-1;-1;-1;-1
-1;-1;-1;-1;-1;-1
-1;-1;-1;-1;-1;-1
-1;-1;-1;-1;-1;-1
-1;-1;-1;-1;-1;-1
-1;1;0;0;0;0
-1;-1;-1;-1;-1;-1
-1;-1;0;-1;-1;-1
-1;-1;-1;-1;-1;-1
-1;-1;-1;-1;-1;-1
0;-1;0;-1;-1;-1
-1;-1;-1;-1;-1;-1
0;0;-1;-1;-1;-1
1;-1;-1;0;0;0
0;-1;0;-1;-1;-1
1;1;1;1;1;1
1;1;1;1;1;1
1;1;1;1;1;1
0;0;0;0;0;0
0;0;0;0;0;0
0;0;0;0;0;0
0;0;0;0;0;0
0;0;0;0;0;0
-1;0;-1;0;-1;0
0;0;0;0;0;0
-1;0;0;0;0;0
0;0;0;0;0;0
0;0;0;0;0;0
-1;-1;0;-1;-1;-1
-1;-1;-1;-1;-1;-1
-1;-1;-1;-1;-1;-1
-1;-1;-1;-1;-1;-1
-1;0;0;0;0;0
-1;0;0;1;1;0
-1;-1;-1;-1;-1;-1
-1;-1;-1;-1;-1;-1
0;0;-1;0;0;0
-1;-1;-1;-1;-1;-1
-1;-1;-1;-1;-1;-1
-1;-1;-1;-1;-1;-1
0;-1;-1;-1;-1;-1
-1;-1;-1;-1;-1;-1
-1;-1;-1;-1;-1;-1
-1;-1;-1;-1;-1;-1
0;-1;-1;-1;-1;-1
-1;-1;-1;-1;-1;-1
-1;-1;-1;-1;-1;-1
1;1;1;1;1;1
0;0;0;0;0;0
0;0;0;0;0;0
1;0;0;0;0;0
0;0;0;0;0;0
-1;-1;-1;-1;-1;-1
-1;-1;-1;-1;-1;-1
-1;-1;-1;-1;-1;-1
-1;-1;-1;-1;-1;-1
-1;-1;0;-1;-1;-1
-1;-1;-1;-1;-1;-1
-1;0;-1;0;0;0
-1;-1;0;-1;-1;-1
-1;-1;-1;-1;-1;-1
-1;-1;-1;-1;-1;-1
-1;-1;-1;-1;-1;-1
-1;-1;-1;-1;-1;-1
0;0;-1;0;0;0
0;0;0;0;0;0
-1;-1;-1;-1;-1;-1
-1;-1;-1;-1;-1;-1
-1;-1;-1;-1;-1;-1
-1;-1;-1;-1;-1;-1
-1;-1;-1;-1;-1;-1
-1;-1;-1;-1;-1;-1
-1;-1;-1;-1;-1;-1
-1;-1;-1;-1;-1;-1
-1;-1;-1;-1;-1;-1
-1;-1;-1;-1;-1;-1
-1;-1;-1;-1;-1;-1
-1;-1;-1;-1;-1;-1
-1;-1;-1;-1;-1;-1
-1;-1;-1;-1;-1;-1
-1;-1;-1;-1;-1;-1
-1;-1;-1;-1;-1;-1
-1;-1;-1;-1;-1;-1
-1;-1;-1;-1;-1;-1
0;0;0;0;0;0
1;1;1;1;1;1
1;1;1;1;1;1
1;1;1;1;1;1
1;1;1;1;1;1
-1;1;-1;0;1;-1
1;1;1;1;1;1
1;1;1;1;1;1
1;1;1;1;1;1
1;1;1;1;1;1
1;1;1;1;1;1
0;0;0;0;0;0
1;0;0;0;0;0
1;0;0;0;0;0
0;0;0;0;0;0
-1;0;0;0;0;0
1;1;1;1;1;1
0;0;0;0;0;0
0;0;0;0;0;0
0;0;0;0;0;0
0;0;0;0;0;0
0;0;0;0;0;0
0;0;0;0;0;0
0;0;0;0;0;0
0;0;0;0;0;0
0;0;0;0;0;0
0;0;0;0;0;0
-1;0;1;1;-1;-1
1;1;1;1;1;1
1;1;1;1;1;1
1;1;1;1;1;1
0;0;0;0;0;0
-1;0;0;0;0;0
-1;0;0;0;0;0
1;1;1;1;1;1
1;1;1;1;1;1
1;1;1;1;1;1
1;1;1;1;1;1
1;1;1;1;1;1
-1;0;0;0;0;0
-1;-1;-1;-1;-1;-1
-1;-1;-1;-1;-1;-1
-1;0;-1;-1;0;-1
-1;-1;-1;-1;-1;-1
-1;-1;-1;-1;-1;-1
-1;-1;-1;-1;-1;-1
-1;-1;-1;-1;-1;-1
-1;-1;-1;-1;-1;-1
-1;-1;-1;-1;-1;-1
-1;-1;-1;-1;-1;-1
-1;-1;-1;-1;-1;-1
-1;-1;-1;-1;-1;-1
-1;-1;-1;-1;-1;-1
-1;-1;-1;-1;-1;-1
-1;-1;-1;-1;-1;-1
-1;-1;-1;-1;-1;-1
-1;-1;-1;-1;-1;-1
0;0;0;0;0;0
0;0;0;0;0;0
0;-1;0;-1;-1;-1
-1;-1;-1;-1;-1;-1
-1;-1;0;-1;-1;-1
-1;-1;0;-1;-1;-1
-1;0;-1;0;0;0
-1;-1;0;0;-1;-1
-1;1;-1;-1;-1;-1
0;0;0;0;0;0
1;1;1;1;1;1
-1;1;-1;0;1;-1
1;1;1;1;1;1
1;1;1;1;1;1
1;1;1;1;1;1
-1;-1;0;-1;-1;-1
1;1;0;1;0;1
0;-1;0;0;-1;0
0;0;0;0;0;0
-1;-1;-1;-1;-1;-1
0;0;-1;-1;0;0
-1;-1;1;0;-1;-1
0;0;-1;-1;0;0
-1;0;1;0;-1;-1
-1;-1;-1;-1;-1;-1
-1;0;0;0;-1;-1
-1;-1;-1;-1;-1;-1
-1;-1;-1;-1;-1;-1
1;-1;0;-1;-1;-1
-1;-1;-1;-1;-1;-1
-1;-1;-1;-1;-1;-1
-1;-1;-1;-1;-1;-1
1;-1;-1;-1;-1;-1
0;0;0;0;0;0
-1;-1;-1;-1;-1;-1
0;-1;0;-1;-1;-1
0;0;0;0;0;0
0;0;0;0;0;0
-1;0;0;0;0;0
-1;-1;-1;-1;-1;-1
1;1;1;1;1;1
1;1;1;1;-1;1
1;1;1;1;-1;1
-1;1;1;1;0;1
-1;-1;-1;-1;-1;-1
0;0;0;0;0;0
-1;0;0;0;0;0
0;1;-1;-1;-1;-1
-1;-1;-1;-1;-1;-1
0;0;0;0;0;0
1;0;0;0;0;0
-1;-1;0;-1;-1;-1
-1;-1;1;-1;-1;-1
-1;1;-1;0;1;1
-1;-1;-1;-1;-1;-1
-1;-1;0;-1;-1;-1
0;0;0;0;0;0
-1;-1;-1;-1;-1;-1
-1;1;0;0;0;0
-1;-1;-1;-1;-1;-1
-1;-1;-1;-1;-1;-1
-1;-1;-1;-1;-1;-1
-1;-1;-1;-1;-1;-1
-1;-1;-1;-1;-1;-1
-1;-1;-1;-1;-1;-1
-1;0;-1;0;-1;-1
-1;-1;-1;-1;-1;-1
-1;-1;0;0;0;-1
-1;-1;-1;-1;-1;-1
-1;-1;-1;-1;-1;-1
-1;-1;-1;-1;-1;-1
0;-1;-1;-1;-1;-1
-1;-1;-1;-1;-1;-1
0;-1;0;0;-1;-1
-1;-1;1;-1;-1;-1
-1;-1;-1;-1;-1;-1
-1;-1;-1;-1;-1;-1
0;0;0;0;0;0
1;1;1;1;1;1
1;1;1;1;1;1
1;1;1;1;1;1
0;0;0;0;0;0
0;0;0;0;0;0
0;0;0;0;-1;0
0;0;0;0;0;0
0;0;0;0;0;0
0;0;0;0;0;0
0;0;0;0;0;0
1;0;-1;-1;0;0
-1;-1;-1;-1;-1;-1
-1;-1;-1;-1;-1;-1
-1;-1;-1;-1;-1;-1
-1;1;-1;-1;-1;-1
-1;-1;-1;0;-1;-1
0;-1;-1;-1;-1;-1
0;0;0;0;-1;0
-1;-1;-1;-1;-1;-1
0;-1;-1;0;-1;-1
1;1;-1;1;1;1
-1;0;0;0;0;0
-1;-1;-1;-1;-1;-1
1;1;1;1;1;1
0;0;0;0;0;0
0;0;0;0;0;0
-1;-1;0;0;-1;-1
0;0;0;0;0;0
-1;-1;-1;-1;-1;-1
-1;-1;-1;-1;-1;-1
-1;-1;-1;-1;-1;-1
-1;0;-1;-1;-1;-1
-1;-1;-1;-1;-1;-1
-1;-1;-1;-1;-1;-1
-1;-1;1;-1;-1;-1
-1;-1;-1;-1;-1;-1
-1;-1;-1;-1;-1;-1
-1;-1;-1;-1;-1;-1
-1;-1;0;-1;-1;-1
0;0;-1;-1;-1;0
0;-1;0;0;-1;-1
-1;-1;0;-1;-1;-1
0;-1;-1;-1;-1;-1
-1;0;0;0;0;0
1;-1;0;-1;-1;-1
0;0;0;0;-1;0
-1;-1;-1;-1;-1;-1
-1;-1;-1;-1;-1;-1
-1;-1;-1;-1;-1;-1
-1;-1;-1;-1;-1;-1
0;0;-1;-1;0;0
-1;-1;-1;-1;-1;-1
-1;-1;-1;-1;-1;-1
-1;0;0;0;0;0
0;0;0;0;0;0
0;0;0;0;0;0
0;0;0;0;0;0
0;0;0;0;0;0
0;0;0;0;0;0
0;0;0;0;0;0
0;0;0;0;0;0
0;0;0;0;0;0
0;0;0;0;0;0
0;0;0;0;0;0
0;0;0;0;0;0
0;0;0;0;0;0
0;0;0;0;0;0
0;0;0;0;0;0
0;-1;0;0;-1;0
1;0;0;0;0;0
-1;0;0;0;0;0
0;0;0;0;0;0
-1;-1;-1;-1;-1;-1
-1;-1;-1;-1;-1;-1
-1;-1;-1;-1;-1;-1
-1;-1;-1;-1;-1;-1
-1;-1;1;-1;-1;-1
-1;-1;-1;-1;-1;-1
-1;-1;-1;-1;-1;-1
-1;-1;-1;-1;-1;-1
0;-1;0;-1;-1;-1
-1;-1;-1;0;-1;-1
1;1;1;-1;1;1
-1;0;0;0;0;0
-1;-1;0;-1;0;-1
-1;-1;-1;-1;-1;-1
0;0;0;0;0;0
-1;0;0;0;0;0
0;0;0;0;0;0
-1;-1;-1;-1;-1;-1
-1;-1;-1;-1;-1;-1
-1;-1;-1;-1;-1;-1
-1;-1;-1;-1;-1;-1
0;-1;-1;-1;-1;-1
-1;-1;-1;-1;-1;-1
-1;-1;-1;-1;-1;-1
-1;-1;-1;-1;-1;-1
-1;-1;-1;-1;-1;-1
-1;-1;0;-1;-1;-1
-1;0;0;0;0;0
-1;-1;-1;-1;-1;-1
-1;-1;-1;-1;-1;-1
-1;-1;-1;-1;-1;-1
-1;-1;-1;-1;-1;-1
-1;-1;-1;-1;-1;-1
-1;-1;-1;-1;-1;-1
-1;-1;-1;-1;-1;-1
-1;-1;-1;-1;-1;-1
-1;0;-1;-1;0;-1
-1;-1;-1;-1;-1;-1
-1;-1;-1;-1;-1;-1
-1;-1;-1;-1;-1;-1
-1;-1;-1;-1;-1;-1
-1;-1;-1;-1;-1;-1
-1;-1;-1;-1;-1;-1
-1;-1;-1;-1;-1;-1
-1;-1;-1;-1;-1;-1
-1;-1;-1;-1;-1;-1
1;1;1;1;1;1
-1;1;1;1;-1;1
0;0;0;0;0;0
1;1;1;1;1;1
1;1;1;1;1;1
-1;1;1;1;0;1
0;0;1;1;0;0
0;0;0;0;0;0
0;0;0;0;0;0
0;1;0;0;1;0
0;0;0;0;0;0
1;1;1;1;1;1
1;1;1;1;1;1
1;1;1;1;1;1
1;1;1;1;1;1
1;1;1;1;1;1
0;0;0;0;0;0
0;0;0;0;0;0
0;0;0;0;0;0
0;0;0;0;0;0
0;0;0;0;0;0
0;0;0;0;0;0
0;0;-1;0;0;0
1;1;1;1;1;1
1;1;1;1;1;1
0;0;0;0;0;0
0;0;0;0;-1;0
0;0;0;0;0;0
0;0;0;0;0;0
0;0;0;0;0;0
1;1;1;1;1;1
0;0;0;0;0;0
0;0;0;0;0;0
1;1;1;1;1;1
-1;-1;-1;-1;-1;-1
-1;-1;-1;-1;-1;-1
-1;-1;-1;-1;-1;-1
-1;-1;-1;-1;-1;-1
-1;-1;-1;-1;-1;-1
-1;-1;-1;-1;-1;-1
-1;-1;-1;-1;-1;-1
-1;-1;-1;-1;-1;-1
-1;-1;-1;-1;-1;-1
-1;-1;-1;-1;-1;-1
-1;-1;-1;-1;-1;-1
-1;-1;-1;-1;-1;-1
-1;-1;-1;-1;-1;-1
-1;1;1;-1;-1;-1
0;0;0;0;0;0
0;0;0;0;0;0
-1;-1;1;-1;-1;-1
-1;1;-1;1;1;1
-1;-1;-1;-1;-1;-1
-1;-1;-1;-1;-1;-1
-1;-1;-1;-1;-1;-1
-1;-1;0;-1;-1;-1
1;1;1;1;1;1
1;1;1;1;1;1
1;1;1;1;1;1
1;1;1;1;1;1
1;1;1;1;1;1
1;1;1;1;-1;1
-1;-1;0;-1;-1;-1
-1;-1;0;0;-1;-1
-1;0;-1;0;0;0
0;-1;0;0;-1;-1
0;0;0;0;0;0
0;0;0;0;-1;0
-1;-1;-1;-1;-1;-1
0;0;-1;0;0;0
-1;-1;-1;-1;-1;-1
-1;-1;-1;-1;-1;-1
-1;-1;-1;-1;-1;-1
-1;-1;0;-1;-1;-1
-1;-1;0;0;-1;-1
-1;-1;-1;-1;-1;-1
-1;-1;-1;-1;-1;-1
-1;1;1;0;-1;-1
-1;-1;-1;-1;-1;-1
0;-1;-1;0;-1;-1
-1;-1;0;-1;-1;-1
1;1;1;1;1;1
0;0;-1;0;0;0
0;0;0;0;0;0
-1;-1;0;-1;-1;-1
1;1;1;1;1;1
1;1;1;1;1;1
1;1;1;1;1;1
-1;0;0;0;-1;0
-1;-1;-1;-1;-1;-1
-1;-1;-1;-1;-1;-1
0;0;0;0;0;0
0;0;0;0;0;0
-1;0;0;0;0;0
-1;-1;-1;-1;-1;-1
-1;-1;-1;-1;-1;-1
-1;-1;-1;1;-1;-1
-1;-1;-1;-1;-1;-1
-1;-1;-1;-1;-1;-1
-1;1;1;1;-1;-1
-1;0;0;0;0;0
-1;-1;-1;-1;-1;-1
-1;-1;-1;-1;-1;-1
-1;-1;-1;-1;-1;-1
-1;-1;-1;0;-1;-1
-1;-1;-1;-1;-1;-1
-1;-1;0;-1;-1;-1
-1;-1;0;-1;-1;-1
-1;-1;-1;-1;-1;-1
-1;-1;-1;-1;-1;-1
0;1;1;-1;1;1
-1;-1;-1;-1;-1;-1
-1;-1;0;-1;-1;-1
-1;-1;-1;-1;-1;-1
1;-1;-1;-1;-1;-1
-1;-1;-1;-1;-1;-1
0;0;-1;-1;0;0
-1;0;-1;-1;-1;-1
-1;-1;-1;0;-1;-1
-1;-1;-1;-1;-1;-1
-1;-1;-1;-1;-1;-1
-1;-1;0;-1;-1;-1
-1;-1;0;-1;-1;-1
-1;-1;-1;-1;-1;-1
-1;-1;-1;-1;-1;-1
-1;-1;-1;-1;-1;-1
-1;-1;0;-1;-1;-1
-1;-1;-1;0;-1;-1
-1;-1;-1;-1;-1;-1
0;0;0;0;0;0
1;1;1;1;0;1
1;1;1;1;1;1
0;0;0;0;0;0
0;0;0;0;0;0
0;0;0;0;1;0
0;0;0;0;0;0
0;0;0;0;0;0
0;0;0;0;0;0
0;0;0;0;0;0
0;0;0;0;0;0
0;0;0;0;0;0
0;0;0;0;0;0
-1;-1;-1;-1;-1;-1
-1;0;0;0;0;0
-1;-1;-1;-1;-1;-1
-1;0;0;-1;0;0
0;0;0;0;0;0
-1;-1;-1;-1;-1;-1
-1;-1;-1;-1;-1;-1
-1;0;-1;0;-1;-1
-1;-1;-1;-1;-1;-1
1;1;1;1;1;1
0;0;-1;0;0;0
1;1;1;1;1;1
0;0;0;0;0;0
0;0;0;0;0;0
0;0;0;0;0;0
0;0;0;0;0;0
-1;-1;-1;-1;-1;-1
-1;-1;0;-1;-1;-1
-1;-1;-1;-1;-1;-1
-1;-1;0;-1;-1;-1
-1;-1;0;-1;-1;-1
-1;-1;-1;-1;-1;-1
-1;-1;-1;-1;-1;-1
-1;-1;-1;-1;-1;-1
-1;-1;-1;-1;-1;-1
-1;-1;-1;-1;-1;-1
-1;-1;-1;-1;-1;-1
0;-1;-1;-1;-1;-1
-1;-1;-1;-1;-1;-1
-1;-1;-1;-1;-1;-1
0;0;0;0;0;0
-1;1;-1;-1;-1;-1
0;0;0;0;0;0
0;-1;0;-1;0;-1
0;0;0;0;0;0
-1;-1;-1;-1;-1;-1
-1;-1;0;-1;-1;-1
-1;-1;-1;-1;-1;-1
-1;-1;0;0;-1;-1
-1;-1;-1;-1;0;-1
0;0;-1;-1;0;0
-1;-1;-1;-1;-1;-1
-1;0;-1;-1;-1;-1
-1;-1;0;-1;-1;-1
-1;-1;-1;0;0;-1
-1;-1;-1;-1;-1;-1
-1;-1;-1;-1;-1;-1
-1;-1;-1;-1;-1;-1
-1;-1;-1;-1;-1;-1
0;0;0;0;0;0
0;0;0;0;0;0
0;0;0;0;0;0
0;0;0;0;0;0
0;0;0;0;0;0
0;0;0;0;0;0
0;0;0;0;0;0
0;0;0;0;0;0
1;0;0;0;0;0
-1;-1;-1;-1;-1;-1
-1;-1;-1;-1;-1;-1
0;-1;0;-1;0;-1
1;-1;1;-1;-1;-1
0;-1;0;-1;-1;-1
0;0;-1;-1;-1;-1
-1;-1;-1;-1;-1;-1
-1;-1;0;-1;-1;-1
-1;-1;-1;-1;-1;-1
-1;-1;-1;-1;-1;-1
-1;-1;-1;-1;-1;-1
-1;-1;1;-1;-1;-1
-1;-1;-1;-1;-1;-1
-1;-1;-1;0;-1;-1
-1;-1;-1;-1;-1;-1
-1;-1;-1;-1;-1;-1
-1;0;-1;-1;-1;-1
1;1;1;1;-1;1
0;0;0;0;0;0
-1;-1;-1;-1;-1;-1
0;0;0;-1;-1;0
0;0;-1;-1;0;0
-1;0;0;0;0;0
-1;-1;-1;-1;-1;-1
-1;0;0;-1;-1;-1
-1;-1;0;-1;-1;-1
-1;-1;0;0;-1;-1
0;0;-1;-1;-1;-1
-1;-1;-1;-1;-1;-1
-1;1;-1;-1;-1;-1
-1;-1;-1;-1;-1;-1
-1;-1;-1;-1;-1;-1
-1;-1;1;-1;-1;-1
-1;-1;-1;-1;-1;-1
-1;-1;-1;-1;-1;-1
-1;-1;-1;-1;-1;-1
-1;-1;-1;-1;-1;-1
-1;-1;-1;-1;-1;-1
-1;-1;-1;-1;-1;-1
-1;-1;-1;-1;-1;-1
-1;-1;-1;-1;-1;-1
-1;-1;-1;-1;-1;-1
-1;-1;-1;-1;-1;-1
-1;-1;-1;-1;-1;-1
-1;-1;-1;-1;-1;-1
-1;-1;-1;-1;-1;-1
-1;-1;-1;-1;-1;-1
-1;-1;-1;-1;-1;-1
-1;-1;-1;-1;-1;-1
-1;1;1;-1;-1;-1
-1;-1;-1;-1;-1;-1
-1;-1;-1;-1;-1;-1
1;1;1;1;1;1
1;1;1;1;1;1
0;0;0;-1;0;0
-1;-1;0;-1;-1;-1
1;1;1;1;1;1
1;1;1;1;1;1
1;1;1;1;-1;1
1;1;1;1;1;1
1;1;1;1;1;1
1;1;1;1;1;1
0;0;1;1;0;0
1;1;1;1;-1;1
1;1;1;1;1;1
1;1;1;1;1;1
0;0;0;0;0;0
1;1;-1;-1;-1;-1
1;1;1;1;1;1
1;1;1;1;1;1
1;1;1;1;1;1
0;0;0;0;0;0
0;0;0;0;0;0
0;0;0;0;0;0
0;0;0;0;0;0
0;0;0;0;0;0
0;0;0;0;0;0
0;0;0;0;0;0
0;0;0;0;0;0
0;0;0;0;0;0
0;0;0;0;0;0
0;0;0;0;0;0
0;0;0;0;0;0
0;0;0;0;0;0
0;0;0;0;0;0
0;0;0;0;0;0
1;1;1;1;1;1
1;1;1;1;1;1
0;0;0;0;0;0
-1;-1;-1;-1;-1;-1
-1;-1;-1;-1;-1;-1
-1;-1;-1;-1;-1;-1
-1;-1;-1;-1;-1;-1
-1;-1;-1;-1;-1;-1
-1;-1;-1;-1;-1;-1
-1;-1;-1;-1;-1;-1
-1;-1;-1;-1;-1;-1
-1;-1;-1;-1;-1;-1
-1;-1;-1;-1;-1;-1
-1;-1;-1;-1;-1;-1
-1;-1;-1;-1;-1;-1
-1;-1;-1;-1;-1;-1
-1;-1;-1;-1;-1;-1
-1;-1;-1;-1;-1;-1
-1;-1;-1;-1;-1;-1
-1;-1;-1;-1;-1;-1
-1;-1;-1;-1;-1;-1
-1;-1;-1;-1;-1;-1
-1;-1;-1;-1;-1;-1
1;-1;0;0;-1;-1
-1;-1;0;0;0;0
-1;0;0;0;0;0
-1;0;-1;-1;-1;-1
-1;0;0;-1;0;0
0;0;0;0;0;0
0;0;0;0;0;0
-1;-1;0;-1;-1;-1
-1;-1;-1;0;-1;-1
-1;-1;0;-1;-1;-1
-1;-1;-1;-1;-1;-1
-1;-1;-1;-1;-1;-1
-1;-1;-1;-1;-1;-1
1;1;1;1;1;1
1;1;1;1;1;1
0;0;0;-1;0;0
1;1;1;1;1;1
-1;-1;0;-1;-1;-1
1;1;1;1;1;1
-1;-1;0;-1;0;-1
0;1;-1;-1;1;1
1;1;-1;0;0;1
-1;-1;0;-1;-1;-1
-1;-1;-1;-1;-1;-1
-1;0;0;0;0;0
-1;-1;-1;-1;-1;-1
-1;-1;-1;0;-1;-1
-1;-1;-1;-1;-1;-1
-1;-1;-1;-1;-1;-1
-1;-1;0;-1;-1;-1
1;1;1;1;1;1
0;0;0;0;0;0
0;0;-1;0;0;0
0;0;0;0;-1;0
1;1;1;1;1;1
1;1;1;1;1;1
0;-1;0;0;-1;0
1;0;0;0;0;0
0;-1;0;-1;-1;-1
-1;-1;0;-1;-1;-1
0;0;0;0;0;0
0;0;0;-1;0;0
0;0;0;0;0;0
0;0;0;0;0;0
1;0;0;0;0;0
0;0;0;0;0;0
-1;-1;-1;-1;-1;-1
-1;-1;1;-1;-1;-1
-1;0;-1;-1;-1;-1
-1;-1;-1;-1;-1;-1
0;-1;-1;-1;-1;-1
-1;-1;-1;-1;-1;-1
-1;-1;-1;-1;-1;-1
0;0;0;0;0;0
-1;-1;-1;-1;-1;-1
1;0;-1;0;0;0
-1;-1;-1;-1;-1;-1
-1;-1;-1;-1;-1;-1
-1;-1;-1;-1;-1;-1
-1;-1;-1;-1;-1;-1
-1;-1;-1;-1;-1;-1
-1;-1;-1;-1;-1;-1
-1;-1;1;1;-1;-1
-1;0;-1;-1;-1;-1
-1;-1;-1;-1;-1;-1
-1;-1;-1;-1;-1;-1
-1;-1;-1;-1;-1;-1
-1;-1;-1;-1;-1;-1
1;0;0;0;0;0
-1;-1;-1;-1;-1;-1
-1;-1;-1;-1;-1;-1
-1;-1;-1;-1;-1;-1
-1;-1;-1;-1;-1;-1
1;1;-1;-1;-1;-1
0;1;1;1;0;1
0;0;0;0;0;0
-1;0;0;0;0;0
0;0;0;0;0;0
0;0;0;0;0;0
0;0;0;0;0;0
0;0;0;0;0;0
0;0;0;0;0;0
-1;-1;0;-1;-1;-1
0;0;-1;-1;-1;-1
-1;-1;-1;-1;-1;-1
0;0;0;-1;0;0
0;0;-1;0;0;0
1;-1;-1;-1;-1;-1
1;1;1;1;1;1
1;1;1;1;0;1
-1;0;0;0;0;0
0;0;0;0;0;0
-1;0;0;0;0;0
0;0;0;0;0;0
-1;-1;-1;0;-1;-1
-1;-1;-1;-1;-1;-1
0;-1;-1;-1;-1;-1
-1;-1;-1;-1;-1;-1
-1;-1;-1;-1;-1;-1
-1;-1;-1;-1;-1;-1
-1;-1;-1;-1;-1;-1
-1;-1;-1;-1;-1;-1
-1;-1;-1;-1;-1;-1
-1;-1;-1;-1;-1;-1
-1;-1;-1;-1;-1;-1
-1;-1;-1;-1;-1;-1
-1;0;1;-1;0;0
-1;-1;-1;-1;-1;-1
-1;-1;-1;-1;-1;-1
-1;-1;1;-1;-1;-1
0;0;0;0;0;0
-1;0;-1;-1;-1;-1
1;1;1;1;1;1
1;1;1;1;1;1
0;0;0;0;0;0
0;0;0;0;0;0
-1;1;-1;0;-1;-1
-1;0;-1;0;0;0
1;0;0;0;0;0
-1;-1;-1;-1;-1;-1
0;0;0;0;0;0
-1;-1;-1;-1;-1;-1
-1;-1;-1;-1;-1;-1
0;-1;-1;-1;-1;-1
-1;-1;-1;-1;-1;-1
-1;-1;0;0;-1;-1
-1;-1;-1;-1;-1;-1
-1;0;-1;-1;-1;0
-1;-1;-1;-1;-1;-1
-1;-1;0;-1;-1;-1
-1;-1;-1;-1;-1;-1
-1;-1;-1;-1;-1;-1
-1;-1;-1;-1;-1;-1
-1;-1;-1;0;-1;-1
-1;-1;0;-1;-1;-1
-1;-1;-1;-1;-1;-1
1;1;1;1;1;1
-1;0;-1;0;0;0
0;0;0;0;0;0
0;0;0;0;0;0
0;0;0;0;0;0
0;0;0;0;0;0
-1;-1;-1;-1;-1;-1
-1;-1;-1;-1;-1;-1
-1;-1;-1;-1;-1;-1
-1;-1;0;0;-1;-1
-1;-1;-1;-1;-1;-1
-1;-1;-1;-1;-1;-1
-1;1;0;-1;-1;-1
-1;-1;0;-1;-1;-1
-1;-1;0;-1;-1;-1
-1;-1;-1;-1;-1;-1
-1;-1;-1;-1;-1;-1
-1;-1;-1;-1;-1;-1
-1;-1;-1;-1;-1;-1
-1;-1;1;-1;-1;-1
0;-1;-1;-1;-1;-1
-1;-1;-1;-1;-1;-1
-1;-1;-1;-1;-1;-1
-1;0;-1;-1;-1;-1
-1;-1;0;-1;-1;-1
0;-1;-1;-1;-1;-1
-1;-1;-1;-1;-1;-1
-1;-1;0;-1;-1;-1
-1;-1;-1;-1;-1;-1
-1;0;-1;0;-1;0
-1;-1;0;-1;-1;-1
-1;0;-1;0;0;0
-1;0;0;-1;0;0
-1;-1;-1;-1;-1;-1
-1;-1;1;1;1;1
0;0;-1;0;0;0
-1;-1;-1;-1;-1;-1
-1;-1;-1;-1;-1;-1
-1;-1;-1;-1;-1;-1
-1;-1;-1;-1;-1;-1
-1;-1;-1;-1;-1;-1
-1;-1;-1;-1;-1;-1
-1;-1;-1;-1;-1;-1
-1;-1;-1;-1;-1;-1
-1;-1;-1;-1;-1;-1
-1;-1;-1;-1;-1;-1
-1;-1;-1;-1;-1;-1
-1;-1;-1;-1;-1;-1
-1;-1;-1;-1;-1;-1
-1;-1;-1;-1;-1;-1
-1;-1;-1;-1;-1;-1
-1;-1;-1;-1;-1;-1
-1;-1;-1;-1;-1;-1
-1;-1;-1;-1;-1;-1
-1;-1;-1;-1;-1;-1
-1;-1;-1;-1;-1;-1
-1;-1;-1;-1;-1;-1
-1;-1;-1;-1;-1;-1
-1;-1;-1;-1;-1;-1
1;1;1;1;1;1
1;1;1;1;1;1
1;1;1;1;1;1
1;1;1;1;1;1
1;1;1;1;1;1
1;1;1;1;1;1
1;1;1;1;1;1
0;0;0;0;0;0
0;0;0;0;0;0
1;1;1;1;1;1
1;1;1;1;1;1
1;1;1;1;1;1
1;1;1;1;1;1
0;0;0;0;0;0
0;0;0;0;0;0
0;0;0;0;0;0
0;0;0;0;0;0
0;0;0;0;0;0
0;0;0;0;0;0
0;0;0;0;0;0
0;0;0;0;0;0
-1;0;0;0;0;0
0;0;0;0;0;0
-1;0;0;0;0;0
1;1;1;1;1;1
0;0;0;0;0;0
0;0;0;0;0;0
0;0;0;0;0;0
1;1;1;1;1;1
-1;-1;-1;-1;-1;-1
-1;-1;-1;-1;-1;-1
-1;-1;-1;-1;-1;-1
-1;-1;-1;-1;-1;-1
-1;-1;-1;-1;-1;-1
-1;-1;-1;-1;-1;-1
-1;-1;-1;-1;-1;-1
-1;-1;-1;-1;-1;-1
-1;-1;-1;-1;-1;-1
-1;-1;-1;-1;-1;-1
-1;-1;-1;-1;-1;-1
-1;-1;-1;-1;-1;-1
-1;-1;-1;-1;-1;-1
-1;-1;-1;-1;-1;-1
1;1;1;1;1;1
1;1;1;1;1;1
1;1;1;1;1;1
-1;-1;0;0;0;0
-1;-1;0;0;0;0
-1;-1;-1;-1;-1;-1
0;0;0;0;0;0
-1;-1;-1;-1;-1;-1
-1;-1;-1;-1;-1;-1
-1;-1;-1;-1;-1;-1
-1;-1;-1;-1;-1;-1
-1;1;-1;1;1;1
-1;-1;-1;-1;-1;-1
-1;-1;-1;-1;-1;-1
1;1;1;1;1;1
1;1;1;1;1;1
1;1;1;1;1;1
1;1;1;1;1;1
-1;-1;-1;-1;-1;-1
0;0;0;0;0;0
-1;-1;0;0;-1;-1
0;0;0;0;0;0
0;-1;-1;1;-1;-1
0;0;0;0;0;0
-1;0;-1;0;0;0
0;0;0;0;0;0
0;-1;-1;-1;-1;-1
0;0;0;0;0;0
-1;-1;-1;0;-1;-1
0;-1;-1;0;-1;-1
-1;-1;-1;-1;-1;-1
-1;-1;-1;-1;-1;-1
-1;-1;0;-1;-1;-1
-1;-1;0;-1;-1;-1
-1;-1;-1;-1;-1;-1
-1;-1;0;-1;-1;-1
-1;-1;-1;-1;-1;-1
-1;-1;-1;-1;-1;-1
-1;0;0;0;-1;0
-1;-1;1;-1;-1;-1
-1;-1;-1;-1;-1;-1
-1;0;0;-1;-1;-1
-1;-1;-1;-1;-1;-1
0;-1;-1;-1;-1;-1
0;0;0;0;0;0
0;0;0;0;0;0
-1;0;-1;-1;-1;-1
0;0;0;0;0;0
0;0;0;0;0;0
-1;0;0;-1;0;0
1;1;1;1;1;1
1;0;1;1;-1;1
1;1;1;1;1;1
-1;-1;-1;-1;-1;-1
-1;0;1;-1;0;0
-1;-1;0;0;-1;-1
-1;0;0;0;0;0
-1;-1;-1;-1;-1;-1
-1;-1;-1;0;0;0
-1;-1;-1;-1;-1;-1
0;0;0;0;0;0
0;0;0;0;0;0
0;0;0;0;0;0
0;0;0;0;0;0
-1;0;0;0;-1;0
1;0;0;0;0;0
0;0;0;0;0;0
-1;-1;-1;-1;-1;-1
-1;-1;-1;0;0;0
-1;-1;-1;-1;-1;-1
-1;-1;-1;-1;-1;-1
-1;-1;-1;-1;-1;-1
-1;-1;-1;-1;-1;-1
-1;-1;-1;-1;-1;-1
-1;-1;-1;-1;-1;-1
-1;-1;-1;-1;-1;-1
-1;-1;-1;-1;-1;-1
-1;-1;-1;-1;-1;-1
-1;-1;-1;-1;-1;-1
-1;-1;-1;-1;-1;-1
-1;-1;0;-1;-1;-1
-1;-1;-1;-1;-1;-1
0;0;-1;-1;-1;-1
-1;-1;-1;-1;-1;-1
-1;-1;-1;-1;-1;-1
-1;-1;-1;-1;-1;-1
-1;-1;-1;-1;-1;-1
-1;-1;0;0;-1;-1
-1;0;0;0;-1;0
-1;-1;-1;0;-1;-1
-1;-1;0;-1;-1;-1
-1;-1;1;1;1;1
1;0;0;0;0;0
1;1;-1;1;1;1
-1;-1;-1;-1;-1;-1
-1;-1;-1;-1;-1;-1
1;1;1;1;1;1
1;1;1;1;0;1
0;0;0;0;0;0
0;0;0;0;0;0
0;0;0;0;0;0
0;0;0;0;0;0
0;0;0;0;0;0
0;0;0;0;0;0
0;0;0;0;0;0
0;0;0;0;0;0
-1;0;0;0;0;0
-1;-1;-1;-1;-1;-1
-1;-1;-1;-1;-1;-1
0;-1;-1;-1;-1;-1
-1;-1;0;0;-1;-1
-1;-1;1;1;1;1
-1;-1;1;-1;-1;-1
-1;0;0;0;0;0
-1;-1;-1;-1;-1;-1
-1;-1;-1;-1;-1;-1
0;0;-1;0;-1;-1
1;1;1;1;1;1
-1;0;0;0;-1;0
-1;0;0;0;-1;0
0;0;0;0;0;0
-1;0;0;0;0;0
0;0;0;0;0;0
0;0;0;0;0;0
-1;-1;-1;-1;-1;-1
-1;0;0;0;-1;-1
-1;-1;-1;-1;-1;-1
0;-1;0;0;-1;-1
-1;-1;-1;-1;-1;-1
-1;-1;-1;-1;-1;-1
-1;-1;-1;-1;-1;-1
-1;-1;-1;-1;-1;-1
-1;-1;-1;-1;-1;-1
-1;-1;-1;-1;-1;-1
-1;-1;-1;-1;-1;-1
1;1;1;1;1;1
0;0;0;0;0;0
0;0;0;0;0;0
0;0;0;0;0;0
-1;0;0;0;0;0
-1;-1;0;0;-1;-1
1;0;0;0;0;0
-1;-1;-1;0;-1;-1
0;0;-1;-1;-1;-1
-1;0;0;-1;-1;-1
0;0;-1;-1;0;0
0;0;0;0;0;0
0;0;0;0;-1;0
-1;0;0;0;-1;-1
0;0;0;-1;0;0
-1;-1;-1;-1;-1;-1
0;0;0;0;0;0
-1;-1;-1;-1;-1;-1
0;-1;0;-1;-1;-1
-1;-1;0;-1;-1;-1
-1;-1;-1;0;-1;-1
0;-1;0;-1;0;-1
0;0;0;0;0;0
-1;0;-1;0;0;0
-1;-1;-1;-1;-1;-1
0;0;0;0;0;0
0;0;0;0;0;0
0;0;0;0;0;0
0;0;0;0;0;0
0;0;0;0;0;0
-1;0;0;0;0;0
1;0;0;0;0;0
-1;-1;-1;-1;-1;-1
-1;-1;0;-1;-1;-1
0;-1;-1;-1;-1;-1
-1;-1;-1;-1;-1;-1
-1;-1;-1;-1;-1;-1
0;0;-1;0;-1;0
-1;0;-1;-1;-1;-1
-1;-1;-1;-1;-1;-1
-1;-1;-1;-1;-1;-1
-1;-1;-1;-1;-1;-1
-1;-1;0;-1;-1;-1
-1;-1;-1;-1;-1;-1
-1;-1;-1;-1;-1;-1
1;0;0;0;0;0
-1;-1;-1;-1;-1;-1
1;1;1;1;1;1
0;0;0;0;0;0
-1;-1;-1;-1;-1;-1
-1;-1;-1;-1;-1;-1
-1;-1;-1;-1;-1;-1
-1;-1;-1;-1;-1;-1
0;0;0;-1;-1;-1
-1;-1;-1;-1;-1;-1
-1;-1;0;-1;-1;-1
-1;-1;-1;-1;-1;-1
-1;-1;-1;-1;-1;-1
-1;-1;-1;-1;-1;-1
-1;-1;-1;-1;-1;-1
-1;-1;-1;-1;-1;-1
-1;-1;-1;-1;-1;-1
-1;-1;-1;-1;-1;-1
-1;-1;-1;-1;-1;-1
-1;-1;-1;-1;-1;-1
-1;-1;-1;-1;-1;-1
-1;-1;-1;-1;-1;-1
-1;-1;-1;-1;-1;-1
-1;-1;-1;-1;-1;-1
-1;-1;-1;-1;-1;-1
-1;-1;-1;-1;-1;-1
-1;-1;-1;-1;-1;-1
-1;-1;-1;-1;-1;-1
-1;-1;-1;-1;-1;-1
1;1;1;1;1;1
1;1;1;1;1;1
-1;-1;1;-1;-1;-1
1;1;1;1;1;1
1;1;1;1;1;1
1;1;1;1;1;1
1;1;1;1;1;1
1;1;1;1;1;1
1;1;1;1;1;1
-1;-1;1;1;-1;-1
1;1;1;1;1;1
1;1;1;1;1;1
1;1;1;1;1;1
-1;0;0;0;0;0
1;1;1;1;1;1
-1;0;0;0;0;0
0;0;0;0;0;0
0;0;0;0;0;0
0;0;0;0;0;0
0;0;0;0;-1;0
1;0;0;0;-1;0
0;0;0;0;0;0
0;0;0;0;0;0
0;0;0;0;0;0
1;1;1;1;1;1
0;0;0;0;0;0
-1;0;0;0;-1;0
0;0;0;0;0;0
-1;0;0;0;0;0
1;1;1;1;1;1
0;0;0;0;0;0
0;0;0;0;0;0
0;0;0;0;0;0
-1;-1;-1;1;-1;-1
1;1;1;1;-1;1
-1;0;0;0;0;0
-1;-1;-1;-1;-1;-1
-1;-1;-1;-1;-1;-1
-1;-1;-1;-1;-1;-1
-1;-1;-1;-1;-1;-1
-1;-1;-1;-1;-1;-1
-1;-1;-1;-1;-1;-1
-1;-1;-1;-1;-1;-1
-1;-1;-1;-1;-1;-1
-1;-1;-1;-1;-1;-1
-1;-1;-1;-1;-1;-1
-1;-1;-1;-1;-1;-1
0;-1;-1;-1;-1;-1
-1;-1;-1;-1;-1;-1
-1;-1;-1;-1;-1;-1
-1;-1;-1;-1;-1;-1
-1;-1;-1;-1;-1;-1
-1;-1;-1;-1;-1;-1
-1;-1;-1;-1;-1;-1
-1;-1;-1;-1;-1;-1
-1;-1;-1;-1;-1;-1
-1;-1;-1;-1;-1;-1
0;0;0;0;0;0
-1;1;-1;0;0;0
1;0;0;0;0;0
0;0;0;0;0;0
-1;-1;-1;-1;-1;-1
1;-1;1;-1;-1;-1
-1;-1;0;-1;-1;-1
-1;-1;-1;-1;-1;-1
-1;-1;0;-1;-1;-1
-1;-1;1;-1;-1;-1
-1;-1;-1;-1;-1;-1
-1;-1;-1;-1;-1;-1
1;0;0;0;0;0
-1;0;-1;-1;-1;-1
1;0;0;0;0;0
-1;-1;-1;-1;-1;-1
0;-1;-1;-1;-1;-1
-1;-1;-1;-1;-1;-1
-1;-1;-1;-1;-1;-1
-1;-1;-1;-1;-1;-1
-1;-1;-1;-1;-1;-1
-1;-1;-1;-1;-1;-1
-1;1;-1;1;1;1
-1;-1;0;-1;-1;-1
-1;-1;0;0;-1;-1
-1;-1;-1;-1;-1;-1
1;0;0;0;0;0
1;1;1;1;0;1
1;1;1;1;1;1
1;1;1;1;1;1
-1;0;-1;0;0;0
-1;0;-1;0;-1;-1
1;-1;-1;-1;-1;-1
-1;0;0;0;0;0
-1;0;-1;0;0;0
0;0;0;0;0;0
-1;-1;-1;-1;-1;-1
-1;-1;-1;-1;-1;-1
-1;-1;-1;-1;-1;-1
-1;-1;-1;-1;-1;-1
1;0;0;0;0;0
-1;-1;-1;-1;-1;-1
-1;-1;-1;-1;-1;-1
-1;-1;0;-1;-1;-1
-1;-1;-1;-1;-1;-1
0;-1;-1;0;-1;-1
0;0;0;0;0;0
-1;-1;-1;-1;-1;-1
1;1;1;1;1;1
-1;-1;-1;-1;-1;-1
-1;-1;-1;-1;-1;-1
-1;-1;-1;-1;-1;-1
-1;0;1;1;0;-1
-1;-1;-1;-1;-1;-1
-1;-1;0;-1;-1;-1
-1;-1;-1;-1;-1;-1
-1;-1;-1;-1;-1;-1
-1;-1;-1;-1;-1;-1
-1;0;-1;-1;0;0
-1;-1;0;-1;-1;-1
-1;-1;-1;-1;-1;-1
-1;-1;-1;-1;-1;-1
-1;1;1;-1;-1;-1
-1;-1;-1;-1;-1;-1
-1;-1;0;-1;-1;-1
-1;-1;-1;-1;-1;-1
-1;-1;-1;-1;-1;-1
-1;-1;-1;-1;-1;-1
-1;-1;-1;-1;-1;-1
-1;0;0;-1;0;0
-1;-1;-1;-1;-1;-1
-1;1;-1;-1;-1;-1
1;1;1;1;1;1
1;1;1;1;1;1
1;1;1;1;1;1
-1;0;0;0;0;0
0;0;0;0;0;0
0;0;0;0;0;0
0;0;0;0;0;0
0;0;0;0;0;0
0;0;0;0;0;0
0;0;0;0;0;0
-1;-1;-1;-1;-1;-1
-1;-1;0;-1;-1;-1
-1;-1;-1;-1;-1;-1
-1;-1;-1;-1;-1;-1
-1;-1;-1;-1;-1;-1
-1;0;0;0;-1;0
-1;-1;-1;-1;-1;-1
1;1;1;1;1;1
1;1;1;1;1;1
1;1;1;1;1;1
0;0;0;0;0;0
0;0;0;0;0;0
0;0;0;0;0;0
0;0;0;0;-1;0
-1;0;0;0;0;0
-1;-1;-1;-1;-1;-1
-1;-1;-1;-1;-1;-1
-1;-1;-1;-1;-1;-1
0;0;-1;-1;0;0
-1;-1;-1;-1;-1;-1
-1;-1;-1;-1;-1;-1
-1;-1;-1;-1;-1;-1
-1;-1;-1;-1;-1;-1
-1;-1;-1;-1;-1;-1
0;-1;-1;-1;-1;-1
-1;-1;-1;-1;-1;-1
0;0;0;0;0;0
-1;-1;0;1;-1;-1
-1;-1;-1;-1;-1;-1
-1;-1;-1;-1;-1;-1
0;0;0;0;0;0
1;1;1;1;1;1
1;1;1;1;1;1
1;1;1;1;1;1
1;1;1;1;1;1
0;0;0;0;0;0
0;0;0;0;0;0
0;-1;-1;-1;-1;-1
-1;0;-1;-1;-1;0
-1;-1;-1;-1;-1;-1
0;-1;-1;0;-1;-1
-1;-1;-1;-1;-1;-1
-1;-1;-1;-1;-1;-1
0;0;-1;-1;0;0
1;0;0;0;0;0
-1;-1;-1;1;-1;-1
0;0;0;0;0;0
0;0;0;0;0;0
0;0;0;0;0;0
0;0;0;0;0;0
0;0;0;0;0;0
0;0;0;0;0;0
0;0;0;0;0;0
0;0;0;0;0;0
0;0;0;0;0;0
1;0;0;0;0;0
-1;-1;-1;-1;-1;-1
-1;-1;-1;-1;-1;-1
-1;-1;0;-1;-1;-1
-1;-1;-1;-1;-1;-1
-1;-1;-1;-1;-1;-1
-1;-1;-1;-1;-1;-1
-1;-1;-1;-1;-1;-1
-1;-1;-1;-1;-1;-1
-1;-1;-1;-1;-1;-1
-1;-1;-1;-1;-1;-1
-1;0;-1;-1;0;0
-1;-1;-1;-1;-1;-1
0;-1;-1;-1;0;-1
-1;-1;-1;-1;-1;-1
-1;-1;-1;-1;-1;-1
-1;-1;-1;-1;-1;-1
-1;0;0;0;0;0
0;0;0;0;-1;0
-1;-1;-1;-1;-1;-1
0;0;0;0;0;0
-1;0;1;-1;0;0
-1;0;-1;-1;-1;-1
-1;-1;-1;-1;-1;-1
-1;-1;-1;-1;-1;-1
0;0;-1;0;0;0
0;0;-1;-1;0;0
-1;-1;-1;-1;-1;-1
0;-1;-1;-1;-1;-1
-1;-1;-1;-1;-1;-1
-1;-1;-1;-1;-1;-1
-1;0;-1;-1;-1;-1
-1;-1;-1;-1;-1;-1
-1;-1;-1;-1;-1;-1
-1;-1;0;-1;-1;-1
-1;-1;-1;-1;-1;-1
-1;-1;-1;-1;-1;-1
-1;-1;-1;-1;-1;-1
-1;-1;-1;-1;-1;-1
-1;-1;-1;-1;-1;-1
-1;-1;-1;-1;-1;-1
-1;-1;-1;-1;-1;-1
-1;-1;-1;-1;-1;-1
-1;-1;-1;-1;-1;-1
-1;-1;-1;-1;-1;-1
-1;-1;-1;-1;-1;-1
-1;-1;-1;-1;-1;-1
-1;-1;-1;-1;-1;-1
-1;-1;-1;-1;-1;-1
-1;-1;-1;-1;-1;-1
-1;-1;-1;-1;-1;-1
0;-1;-1;-1;-1;-1
-1;-1;-1;-1;-1;-1
-1;-1;-1;-1;-1;-1
0;-1;-1;-1;0;-1
-1;-1;-1;-1;-1;-1
-1;-1;-1;-1;-1;-1
1;1;1;1;1;1
1;1;1;1;1;1
1;1;1;1;1;1
1;1;1;1;1;1
1;1;1;1;1;1
1;1;1;1;1;1
1;1;1;1;1;1
1;1;1;1;-1;1
1;1;1;1;1;1
1;1;1;1;1;1
1;1;1;1;1;1
1;1;1;1;0;1
1;1;1;1;1;1
1;1;1;-1;-1;-1
0;0;0;0;0;0
0;0;0;0;0;0
0;0;0;0;0;0
0;0;0;0;0;0
1;0;0;0;0;0
0;0;0;0;0;0
0;0;0;0;0;0
1;1;1;1;1;1
1;1;1;1;1;1
1;1;1;1;1;1
1;1;1;1;1;1
0;0;0;0;0;0
0;0;0;0;0;0
-1;0;0;0;0;0
-1;0;-1;0;0;0
0;0;0;0;0;0
0;0;0;0;0;0
1;1;1;1;1;1
1;1;1;1;0;1
-1;0;0;0;0;0
0;0;0;0;0;0
0;0;0;0;0;0
-1;0;-1;-1;-1;-1
0;0;0;0;0;0
0;0;0;0;0;0
0;0;0;0;0;0
0;0;0;0;0;0
1;1;1;1;1;1
-1;-1;-1;0;-1;-1
-1;-1;-1;-1;-1;-1
-1;-1;-1;-1;-1;-1
-1;-1;-1;-1;-1;-1
-1;-1;-1;-1;-1;-1
1;-1;-1;-1;-1;-1
-1;-1;-1;-1;-1;-1
-1;-1;-1;-1;-1;-1
-1;-1;-1;-1;-1;-1
-1;0;0;0;0;0
-1;-1;-1;-1;-1;-1
-1;-1;-1;-1;-1;-1
-1;-1;-1;-1;-1;-1
-1;-1;-1;-1;-1;-1
-1;-1;-1;-1;-1;-1
-1;-1;-1;-1;-1;-1
-1;-1;-1;-1;-1;-1
-1;-1;-1;-1;-1;-1
1;1;1;1;1;1
-1;-1;-1;-1;-1;-1
-1;-1;-1;0;-1;-1
-1;-1;-1;-1;-1;-1
-1;-1;-1;-1;-1;-1
-1;-1;-1;-1;0;-1
-1;-1;-1;-1;-1;-1
1;1;1;1;1;1
-1;0;0;0;0;0
0;0;0;0;0;0
-1;0;0;0;0;0
0;0;0;0;0;0
-1;-1;-1;-1;-1;-1
1;0;0;1;0;0
-1;-1;0;-1;-1;-1
-1;0;0;0;0;0
-1;-1;0;-1;-1;-1
-1;0;1;-1;-1;-1
-1;-1;1;-1;-1;-1
-1;0;-1;0;0;0
-1;-1;0;-1;-1;-1
-1;-1;0;-1;-1;-1
-1;-1;-1;-1;-1;-1
-1;-1;-1;-1;-1;-1
1;0;0;0;0;0
-1;-1;0;-1;-1;-1
-1;-1;-1;-1;-1;-1
-1;-1;-1;0;-1;-1
1;1;1;1;-1;1
-1;0;0;0;-1;0
0;0;0;0;0;0
0;0;1;0;0;0
1;1;1;1;-1;1
-1;-1;1;1;-1;-1
-1;-1;-1;-1;-1;-1
0;0;1;1;0;0
1;1;1;-1;-1;-1
-1;0;0;0;-1;0
1;0;0;0;0;0
0;0;-1;0;-1;0
0;0;0;0;0;0
0;-1;1;-1;-1;-1
-1;-1;-1;-1;-1;-1
-1;0;0;0;0;0
0;0;0;0;0;0
-1;-1;-1;-1;-1;-1
-1;-1;-1;-1;-1;-1
-1;-1;-1;-1;-1;-1
-1;1;1;-1;1;-1
-1;-1;-1;-1;-1;-1
-1;-1;-1;-1;-1;-1
-1;-1;-1;-1;-1;-1
-1;-1;-1;-1;-1;-1
-1;-1;-1;-1;-1;-1
-1;-1;0;-1;-1;-1
-1;-1;0;-1;-1;-1
-1;-1;-1;-1;-1;-1
0;0;0;0;-1;0
0;-1;-1;-1;-1;-1
-1;-1;-1;0;-1;-1
-1;-1;-1;-1;-1;-1
-1;-1;-1;-1;-1;-1
-1;-1;-1;-1;-1;-1
0;-1;-1;-1;-1;-1
-1;-1;-1;-1;-1;-1
-1;-1;-1;-1;-1;-1
0;-1;-1;-1;-1;-1
0;0;0;0;0;0
0;0;0;0;0;0
-1;-1;-1;-1;-1;-1
-1;-1;-1;-1;-1;-1
-1;-1;-1;-1;-1;-1
-1;-1;-1;-1;-1;-1
-1;-1;-1;-1;-1;-1
-1;-1;0;-1;-1;-1
-1;-1;-1;-1;-1;-1
-1;-1;-1;-1;-1;-1
1;1;1;1;1;1
1;1;1;1;1;1
1;1;1;1;1;1
1;1;1;1;1;1
0;0;0;0;0;0
-1;0;-1;0;0;0
0;0;0;0;0;0
0;0;0;0;0;0
0;0;0;0;0;0
-1;-1;0;-1;-1;-1
0;-1;0;-1;-1;-1
-1;-1;-1;-1;-1;-1
-1;-1;-1;-1;-1;-1
-1;-1;-1;-1;-1;-1
-1;-1;0;-1;-1;-1
-1;-1;-1;-1;-1;-1
-1;-1;-1;-1;-1;-1
-1;-1;0;-1;-1;-1
-1;-1;-1;-1;-1;-1
-1;-1;0;-1;-1;-1
-1;-1;-1;0;-1;-1
-1;-1;-1;-1;-1;-1
-1;0;1;1;-1;-1
0;0;0;0;0;0
-1;0;0;0;0;0
-1;0;-1;-1;-1;-1
0;0;0;0;0;0
0;0;0;0;0;0
0;0;0;0;0;0
0;0;0;0;0;0
-1;0;0;0;0;0
0;0;0;0;0;0
-1;-1;-1;-1;-1;-1
-1;-1;-1;-1;-1;-1
-1;0;-1;-1;-1;-1
-1;-1;0;-1;-1;-1
-1;-1;-1;0;-1;-1
-1;-1;-1;-1;-1;-1
-1;-1;-1;-1;-1;-1
-1;-1;-1;-1;-1;-1
-1;-1;-1;-1;-1;-1
-1;-1;-1;0;-1;-1
1;1;1;1;1;1
0;0;0;0;0;0
0;1;0;0;0;0
-1;-1;-1;-1;-1;-1
-1;0;0;0;0;0
-1;-1;0;-1;-1;-1
-1;-1;-1;-1;-1;-1
-1;-1;-1;-1;-1;-1
-1;-1;-1;-1;-1;-1
-1;-1;1;-1;-1;-1
-1;-1;-1;-1;-1;-1
-1;-1;-1;-1;-1;-1
0;-1;0;-1;-1;-1
-1;0;0;-1;-1;-1
-1;-1;-1;-1;-1;-1
0;0;0;0;0;0
1;0;0;0;0;0
-1;-1;1;-1;-1;-1
-1;0;0;-1;-1;-1
-1;-1;0;-1;-1;-1
0;0;0;0;0;0
-1;-1;-1;-1;-1;-1
-1;-1;0;-1;-1;-1
-1;-1;-1;-1;-1;-1
1;-1;1;0;0;0
0;0;0;0;0;0
0;0;0;-1;0;0
0;0;0;0;0;0
0;0;0;0;0;0
0;0;0;0;0;0
0;0;0;0;0;0
-1;-1;-1;-1;-1;-1
-1;-1;-1;-1;-1;-1
-1;-1;-1;-1;-1;-1
-1;-1;-1;-1;-1;-1
-1;-1;-1;-1;-1;-1
-1;-1;-1;-1;-1;-1
-1;0;-1;-1;-1;-1
-1;-1;-1;-1;-1;-1
-1;-1;-1;-1;-1;-1
1;1;1;1;1;1
1;1;1;1;1;1
1;-1;0;0;-1;-1
-1;-1;-1;-1;-1;-1
-1;-1;-1;-1;-1;-1
0;0;0;0;0;0
-1;-1;0;0;-1;-1
0;0;0;0;0;0
-1;-1;-1;-1;-1;-1
0;0;-1;-1;0;0
-1;-1;1;-1;-1;-1
-1;-1;0;-1;-1;-1
-1;-1;-1;-1;-1;-1
-1;-1;-1;-1;-1;-1
-1;-1;0;-1;-1;-1
-1;-1;-1;-1;-1;-1
-1;-1;-1;-1;-1;-1
-1;-1;-1;-1;-1;-1
1;-1;-1;-1;-1;-1
-1;-1;-1;-1;-1;-1
-1;-1;-1;-1;-1;-1
-1;-1;-1;-1;-1;-1
-1;-1;-1;-1;-1;-1
-1;0;0;0;0;0
-1;-1;-1;-1;-1;-1
-1;-1;-1;-1;-1;-1
-1;-1;-1;-1;-1;-1
-1;-1;-1;-1;-1;-1
-1;-1;-1;-1;-1;-1
-1;-1;-1;-1;-1;-1
-1;-1;-1;-1;-1;-1
-1;-1;-1;-1;-1;-1
0;0;-1;-1;0;0
1;1;1;1;1;1
1;1;1;1;1;1
1;1;1;1;1;1
1;1;1;1;1;1
1;1;1;1;1;1
1;1;1;1;1;1
0;0;0;0;0;0
-1;0;0;0;0;0
0;0;0;0;0;0
1;1;1;1;1;1
0;0;0;0;0;0
0;0;0;0;1;0
0;0;0;0;0;0
0;0;0;0;0;0
0;0;0;0;0;0
-1;0;-1;0;0;0
0;0;0;0;0;0
0;0;0;0;0;0
-1;0;0;0;0;0
0;0;0;0;0;0
1;1;1;1;1;1
1;1;1;1;1;1
0;0;0;0;0;0
0;0;0;0;0;0
0;0;0;0;0;0
0;0;0;0;0;0
0;0;0;0;0;0
-1;0;0;0;0;0
0;0;0;0;0;0
0;0;0;0;0;0
-1;-1;-1;-1;-1;-1
-1;-1;-1;-1;-1;-1
-1;-1;-1;-1;-1;-1
-1;-1;-1;-1;-1;-1
-1;-1;-1;-1;-1;-1
-1;-1;-1;-1;-1;-1
-1;-1;-1;-1;-1;-1
-1;-1;-1;-1;-1;-1
-1;-1;-1;-1;-1;-1
-1;-1;-1;-1;-1;-1
-1;-1;-1;-1;-1;-1
-1;-1;-1;-1;-1;-1
-1;-1;-1;-1;-1;-1
-1;-1;-1;-1;-1;-1
-1;-1;-1;-1;-1;-1
-1;-1;-1;-1;-1;-1
-1;-1;-1;-1;-1;-1
-1;-1;-1;-1;-1;-1
1;1;1;1;1;1
1;1;1;1;0;1
0;0;0;0;0;0
-1;-1;-1;-1;-1;-1
-1;0;-1;0;0;0
0;0;0;0;0;0
-1;-1;-1;-1;-1;-1
-1;-1;-1;-1;-1;-1
-1;1;-1;-1;-1;-1
-1;-1;-1;0;-1;-1
-1;-1;-1;-1;-1;-1
-1;-1;-1;-1;-1;-1
0;0;-1;-1;0;0
1;1;1;1;1;1
1;1;1;1;1;1
1;1;1;1;1;1
-1;-1;-1;-1;-1;-1
0;0;0;0;0;0
-1;0;0;0;0;0
0;0;0;0;0;0
0;0;0;0;0;0
0;0;-1;0;0;0
-1;-1;0;0;-1;-1
0;1;-1;0;1;0
-1;-1;-1;-1;-1;-1
1;0;0;0;-1;0
-1;-1;-1;0;-1;-1
-1;-1;-1;-1;-1;-1
-1;-1;0;-1;-1;-1
-1;0;0;0;0;0
0;-1;-1;-1;-1;-1
-1;0;0;0;0;0
-1;-1;-1;-1;-1;-1
-1;-1;-1;-1;-1;-1
-1;1;1;0;1;1
-1;-1;-1;-1;-1;-1
1;-1;-1;-1;1;-1
-1;-1;-1;-1;-1;-1
-1;-1;-1;-1;-1;-1
-1;-1;-1;-1;-1;-1
-1;-1;-1;-1;-1;-1
0;0;0;0;0;0
1;1;1;1;1;1
0;0;0;0;0;0
1;0;-1;0;0;0
0;0;0;0;0;0
-1;0;0;0;0;0
-1;-1;-1;-1;-1;-1
1;1;1;1;1;1
1;1;1;1;1;1
-1;1;1;1;0;1
1;1;1;1;1;1
0;0;0;0;0;0
1;0;0;0;0;0
-1;0;0;1;0;-1
1;0;-1;0;1;0
1;0;0;0;0;0
0;0;-1;0;0;0
1;0;0;0;0;0
0;0;0;0;0;0
1;1;0;0;0;0
-1;0;0;0;0;0
-1;-1;-1;-1;-1;-1
-1;-1;-1;-1;-1;-1
-1;-1;-1;-1;-1;-1
1;-1;0;0;-1;-1
-1;-1;-1;-1;-1;-1
-1;-1;-1;-1;-1;-1
-1;-1;-1;-1;-1;-1
-1;0;0;0;0;0
0;0;0;0;0;0
-1;-1;-1;-1;-1;-1
-1;-1;1;-1;-1;-1
-1;-1;-1;1;-1;-1
-1;-1;-1;-1;-1;-1
-1;0;-1;-1;-1;-1
1;0;0;0;0;0
-1;-1;-1;-1;-1;-1
-1;-1;-1;-1;-1;-1
-1;-1;-1;-1;-1;-1
-1;0;-1;0;0;0
-1;-1;-1;-1;-1;-1
1;-1;-1;-1;-1;-1
0;-1;-1;-1;-1;0
-1;-1;-1;-1;-1;-1
-1;-1;0;0;-1;-1
-1;0;0;0;0;0
-1;-1;0;-1;-1;-1
-1;-1;-1;-1;-1;-1
-1;-1;-1;-1;-1;-1
-1;-1;0;-1;-1;-1
1;1;1;1;1;1
0;0;0;0;0;0
0;0;0;0;0;0
-1;0;0;0;0;0
-1;0;-1;0;0;0
0;0;0;0;0;0
-1;-1;-1;-1;-1;-1
-1;0;0;0;0;0
-1;-1;-1;-1;-1;-1
-1;-1;-1;0;-1;-1
-1;-1;-1;-1;-1;-1
-1;-1;0;-1;-1;-1
-1;-1;-1;0;-1;-1
1;0;0;0;0;0
-1;0;-1;1;0;0
-1;-1;-1;-1;-1;-1
-1;-1;-1;-1;-1;-1
-1;-1;-1;-1;-1;-1
-1;0;0;0;-1;0
-1;-1;1;-1;-1;-1
-1;-1;-1;-1;-1;-1
-1;0;0;0;0;0
-1;-1;-1;-1;-1;-1
1;1;1;1;1;1
0;0;0;0;0;0
0;0;0;0;0;0
-1;0;0;0;0;0
-1;-1;-1;-1;-1;-1
-1;-1;-1;-1;-1;-1
-1;-1;0;-1;-1;-1
-1;0;-1;-1;-1;-1
-1;-1;-1;-1;-1;-1
-1;0;0;-1;-1;0
-1;-1;-1;-1;-1;-1
-1;1;0;-1;-1;-1
-1;-1;-1;-1;-1;-1
-1;-1;0;-1;-1;-1
-1;-1;-1;-1;-1;-1
-1;-1;-1;-1;-1;-1
1;-1;-1;-1;-1;-1
-1;-1;-1;-1;-1;-1
-1;0;0;0;-1;0
-1;-1;-1;-1;-1;-1
-1;-1;-1;-1;-1;-1
-1;-1;-1;-1;-1;-1
-1;-1;0;-1;-1;-1
1;1;1;1;1;1
-1;0;0;0;0;0
1;0;0;0;0;0
0;0;0;0;0;0
-1;0;0;0;0;0
0;0;0;0;0;0
0;-1;-1;-1;-1;0
0;0;1;0;0;0
0;0;0;0;0;0
-1;-1;-1;-1;-1;-1
-1;-1;-1;-1;-1;-1
-1;-1;-1;-1;-1;-1
-1;-1;-1;-1;-1;-1
0;0;-1;0;0;0
-1;-1;-1;-1;-1;-1
0;0;-1;0;0;0
-1;0;0;0;0;0
0;-1;-1;0;0;0
-1;-1;-1;-1;-1;-1
-1;-1;-1;-1;-1;-1
0;0;0;0;0;0
0;0;0;0;0;0
-1;-1;-1;-1;-1;-1
0;-1;-1;-1;-1;-1
-1;-1;-1;-1;-1;-1
-1;-1;-1;-1;-1;-1
-1;-1;-1;-1;-1;-1
-1;-1;-1;-1;-1;-1
-1;0;0;0;0;0
-1;-1;0;-1;-1;-1
-1;-1;-1;-1;-1;-1
1;-1;-1;-1;-1;-1
1;0;-1;0;0;0
-1;-1;-1;-1;-1;-1
-1;-1;-1;-1;-1;-1
-1;-1;-1;-1;-1;-1
-1;-1;-1;-1;-1;-1
-1;-1;-1;-1;-1;-1
-1;-1;-1;-1;-1;-1
-1;1;-1;-1;-1;-1
-1;-1;-1;-1;-1;-1
-1;-1;-1;-1;-1;-1
-1;-1;-1;-1;-1;-1
-1;-1;-1;-1;-1;-1
-1;-1;-1;0;-1;-1
-1;-1;1;0;-1;-1
-1;-1;0;-1;-1;-1
-1;-1;-1;-1;-1;-1
-1;-1;-1;-1;-1;-1
-1;-1;-1;-1;-1;-1
-1;-1;-1;-1;-1;-1
-1;-1;-1;-1;-1;-1
-1;-1;-1;-1;-1;-1
-1;-1;-1;-1;-1;-1
-1;-1;-1;-1;-1;-1
-1;-1;-1;-1;-1;-1
-1;-1;-1;-1;-1;-1
-1;-1;-1;-1;-1;-1
-1;-1;-1;-1;-1;-1
-1;-1;-1;-1;-1;-1
-1;-1;-1;-1;-1;-1
-1;-1;-1;-1;-1;-1
-1;-1;-1;-1;-1;-1
-1;-1;-1;-1;-1;-1
-1;-1;-1;-1;-1;-1
1;1;1;1;1;1
1;1;1;1;1;1
1;1;1;1;1;1
1;1;1;1;1;1
-1;-1;1;1;-1;-1
-1;1;1;1;0;1
0;0;0;0;0;0
0;0;0;0;0;0
0;0;0;0;0;0
1;1;1;1;1;1
1;1;1;1;1;1
1;1;1;1;1;1
-1;0;-1;-1;-1;-1
1;1;1;1;1;1
0;0;0;0;0;0
-1;-1;-1;-1;-1;-1
0;0;0;0;0;0
1;1;1;1;1;1
-1;0;0;0;0;0
-1;0;0;0;0;0
0;0;0;0;0;0
0;0;0;0;0;0
0;0;0;0;0;0
0;0;0;0;0;0
1;1;1;1;1;1
0;0;0;0;0;0
0;0;0;0;-1;0
0;0;0;0;0;0
-1;-1;-1;-1;-1;-1
1;1;1;1;1;1
-1;-1;-1;-1;-1;-1
-1;-1;-1;-1;-1;-1
-1;-1;-1;-1;-1;-1
-1;-1;-1;-1;-1;-1
-1;-1;-1;-1;-1;-1
-1;-1;-1;-1;-1;-1
-1;-1;-1;-1;-1;-1
-1;-1;-1;-1;-1;-1
-1;-1;-1;-1;-1;-1
-1;-1;-1;-1;-1;-1
-1;-1;-1;-1;-1;-1
-1;-1;-1;-1;-1;-1
-1;-1;-1;-1;-1;-1
-1;-1;-1;-1;-1;-1
-1;-1;-1;-1;-1;-1
-1;-1;-1;-1;-1;-1
0;-1;1;-1;-1;-1
-1;0;-1;-1;-1;-1
0;-1;0;-1;-1;-1
-1;-1;0;-1;-1;-1
-1;0;0;0;0;0
-1;-1;0;-1;-1;-1
0;-1;-1;-1;-1;-1
-1;-1;-1;-1;-1;-1
-1;-1;-1;-1;-1;-1
-1;-1;-1;-1;-1;-1
-1;-1;-1;-1;-1;-1
1;1;1;1;1;1
1;1;1;1;1;1
1;1;1;1;1;1
1;1;1;1;1;1
1;1;1;1;1;1
1;1;1;1;1;1
1;1;1;1;-1;1
0;0;0;0;0;0
-1;0;0;0;0;0
0;0;0;0;0;0
-1;-1;-1;-1;-1;-1
-1;-1;-1;-1;-1;-1
0;1;-1;-1;-1;-1
-1;-1;-1;-1;-1;-1
1;-1;-1;0;0;0
0;0;0;0;0;0
0;-1;-1;-1;-1;-1
0;0;0;0;0;0
-1;-1;-1;-1;-1;-1
-1;-1;-1;1;-1;-1
-1;0;-1;0;0;0
-1;1;-1;1;-1;-1
-1;-1;0;-1;-1;-1
-1;-1;-1;0;0;-1
0;0;0;0;0;0
-1;0;-1;0;0;0
0;0;0;0;0;0
0;0;0;0;0;0
-1;-1;-1;-1;-1;-1
-1;-1;-1;-1;-1;-1
-1;-1;0;0;-1;-1
0;-1;-1;0;-1;-1
1;1;1;1;1;1
1;1;1;1;1;1
1;1;1;1;1;1
1;1;1;1;-1;1
0;0;0;0;0;0
0;0;0;0;0;0
-1;-1;-1;-1;-1;-1
-1;-1;-1;-1;-1;-1
-1;-1;-1;-1;-1;-1
-1;-1;-1;-1;-1;-1
-1;1;-1;-1;-1;-1
-1;-1;-1;-1;-1;-1
-1;-1;-1;-1;-1;-1
-1;-1;-1;-1;-1;-1
-1;-1;-1;-1;-1;-1
-1;-1;-1;-1;-1;-1
-1;-1;-1;-1;-1;-1
-1;-1;-1;-1;-1;-1
1;1;-1;1;1;1
-1;-1;-1;-1;-1;-1
0;0;-1;0;0;0
-1;-1;-1;-1;-1;-1
-1;-1;-1;-1;-1;-1
-1;-1;-1;-1;-1;-1
-1;-1;0;-1;-1;-1
-1;-1;-1;-1;-1;-1
-1;-1;-1;-1;-1;-1
-1;1;-1;1;-1;-1
-1;-1;-1;-1;-1;-1
-1;-1;-1;-1;-1;-1
-1;-1;-1;-1;-1;-1
-1;-1;-1;-1;-1;-1
-1;-1;-1;-1;-1;-1
-1;-1;-1;-1;-1;-1
-1;-1;0;0;-1;-1
-1;-1;-1;-1;-1;-1
-1;0;0;0;0;0
0;0;0;0;-1;0
-1;-1;-1;-1;-1;-1
-1;-1;-1;-1;-1;-1
-1;0;0;0;-1;0
0;0;0;0;0;0
-1;-1;0;1;1;1
1;1;1;1;1;1
1;1;1;1;1;1
1;1;1;1;1;1
1;1;1;1;1;1
-1;0;-1;-1;-1;-1
-1;-1;-1;-1;-1;-1
0;0;0;0;0;0
0;0;0;0;0;0
0;0;0;0;0;0
0;0;0;0;0;0
-1;-1;-1;-1;-1;-1
-1;-1;-1;-1;-1;-1
-1;-1;-1;-1;-1;-1
-1;-1;0;-1;-1;-1
-1;-1;0;-1;-1;-1
-1;0;-1;-1;-1;-1
-1;-1;-1;0;-1;-1
0;0;0;0;0;0
-1;-1;-1;-1;-1;-1
-1;-1;-1;-1;-1;-1
-1;0;1;0;0;0
-1;-1;-1;-1;-1;-1
0;0;0;-1;0;0
-1;0;0;0;0;0
0;0;0;0;0;0
0;0;0;0;0;0
0;0;0;0;0;0
0;0;0;0;0;0
1;0;0;0;0;0
-1;-1;-1;-1;-1;-1
-1;-1;0;0;-1;-1
-1;-1;-1;-1;-1;-1
-1;-1;1;-1;-1;-1
-1;-1;-1;-1;-1;-1
-1;-1;-1;-1;-1;-1
-1;-1;0;-1;-1;-1
-1;-1;-1;-1;-1;-1
-1;-1;-1;-1;-1;-1
-1;-1;-1;-1;-1;-1
-1;-1;-1;-1;-1;-1
0;0;0;0;0;0
-1;-1;-1;-1;-1;-1
-1;-1;-1;-1;-1;-1
-1;-1;0;-1;-1;-1
-1;-1;-1;-1;-1;-1
-1;-1;-1;-1;-1;-1
1;1;1;1;1;1
0;0;0;0;0;0
-1;-1;0;0;0;-1
0;0;0;0;0;0
0;0;-1;0;0;0
0;0;0;-1;-1;0
0;0;0;0;0;0
-1;-1;1;-1;-1;-1
-1;-1;0;0;0;-1
0;0;-1;-1;-1;0
-1;-1;0;0;-1;-1
-1;-1;0;-1;-1;-1
-1;-1;-1;0;0;0
-1;-1;-1;-1;-1;-1
-1;-1;-1;-1;-1;-1
-1;-1;-1;-1;-1;-1
-1;-1;-1;-1;-1;-1
-1;-1;-1;-1;-1;-1
-1;-1;-1;-1;-1;-1
-1;0;0;0;-1;-1
-1;-1;0;-1;-1;-1
1;0;0;0;0;0
-1;-1;-1;-1;-1;-1
0;0;0;0;0;0
0;0;0;0;0;0
0;0;0;0;0;0
0;0;0;0;0;0
-1;0;0;0;0;0
0;-1;-1;-1;-1;-1
-1;-1;0;-1;-1;-1
-1;-1;-1;-1;-1;-1
-1;-1;-1;-1;-1;-1
-1;-1;-1;-1;-1;-1
-1;-1;-1;-1;-1;-1
-1;-1;0;-1;-1;-1
-1;-1;-1;-1;-1;-1
-1;-1;0;-1;-1;-1
-1;-1;-1;-1;-1;-1
-1;-1;0;0;-1;-1
0;-1;0;0;-1;0
-1;-1;0;0;-1;-1
-1;-1;0;-1;-1;-1
-1;0;0;0;0;0
-1;-1;0;-1;-1;-1
-1;0;-1;-1;-1;-1
-1;0;0;0;-1;0
-1;0;-1;0;-1;-1
-1;-1;-1;-1;-1;-1
-1;-1;-1;-1;-1;-1
-1;-1;0;-1;-1;-1
-1;-1;-1;-1;-1;-1
-1;-1;-1;-1;-1;-1
-1;-1;-1;-1;-1;-1
-1;-1;-1;-1;-1;-1
0;-1;-1;-1;-1;-1
-1;0;-1;0;0;0
-1;-1;-1;-1;-1;-1
-1;-1;-1;-1;-1;-1
-1;-1;-1;-1;-1;-1
-1;-1;-1;-1;-1;-1
-1;-1;-1;-1;-1;-1
-1;-1;-1;-1;-1;-1
-1;-1;-1;-1;-1;-1
-1;-1;-1;-1;-1;-1
-1;-1;-1;-1;-1;-1
-1;-1;-1;-1;-1;-1
-1;-1;-1;-1;-1;-1
-1;-1;-1;-1;-1;-1
-1;-1;-1;-1;-1;-1
-1;-1;-1;-1;-1;-1
-1;-1;-1;-1;-1;-1
-1;-1;-1;-1;-1;-1
-1;-1;-1;-1;-1;-1
